{"train_runtime":60.3041,"eval/f1":0.39999999999999997,"eval/steps_per_second":10.807,"eval/accuracy":0.5,"_wandb":{"runtime":57},"train_samples_per_second":1.658,"total_flos":1.681864977e+12,"eval/runtime":0.0925,"eval/loss":1.8520792722702026,"_runtime":55.9549529,"train_loss":1.7061382293701173,"_timestamp":1.7427266587433186e+09,"train_steps_per_second":0.249,"train/epoch":5,"eval/samples_per_second":64.844,"train/global_step":15,"_step":5}