{"eval/runtime":0.0545,"_wandb":{"runtime":8},"_runtime":8.2207364,"train_steps_per_second":1.603,"eval/loss":4.567727088928223,"eval/steps_per_second":54.999,"train/epoch":3,"train/global_step":15,"eval/samples_per_second":366.657,"train_samples_per_second":25.644,"_step":3,"_timestamp":1.742636583358316e+09,"train_loss":4.4804534912109375,"total_flos":9.329063328e+11,"train_runtime":9.359}