{"_wandb":{"runtime":9},"train/global_step":10,"_runtime":8.9398015,"_step":5,"eval/accuracy":0.3333333333333333,"total_flos":8.409324885e+11,"eval/runtime":0.0294,"train/epoch":5,"eval/steps_per_second":33.973,"train_samples_per_second":5.054,"train_loss":1.8087450027465821,"_timestamp":1.7426399624649553e+09,"train_runtime":9.894,"eval/samples_per_second":101.919,"eval/f1":0.3333333333333333,"eval/loss":1.793868064880371,"train_steps_per_second":1.011}